{
  "project_info": {
    "project_number": "805026177814",
    "project_id": "aidrive-a2b84",
    "storage_bucket": "aidrive-a2b84.appspot.com"
  },
  "client": [
    {
      "client_info": {
        "mobilesdk_app_id": "1:805026177814:android:a117405a7c42c0fb03e637",
        "android_client_info": {
          "package_name": "com.highapp.co.uk.aidrive.user"
        }
      },
      "oauth_client": [
        {
          "client_id": "805026177814-3rlv4h410p2h6ekv8u1pec8a46afslt1.apps.googleusercontent.com",
          "client_type": 1,
          "android_info": {
            "package_name": "com.highapp.co.uk.aidrive.user",
            "certificate_hash": "32cda3ebf22b57a22a26a54a3618f7a1201cfb6d"
          }
        },
        {
          "client_id": "805026177814-q75plfa64l3pp4b492u16b7kq1ncg6sm.apps.googleusercontent.com",
          "client_type": 1,
          "android_info": {
            "package_name": "com.highapp.co.uk.aidrive.user",
            "certificate_hash": "2e6ec472cf171b8d7124f757242cb98da766c296"
          }
        },
        {
          "client_id": "805026177814-sjg4tv72f6beqjoju9f5nd04ed0fqg40.apps.googleusercontent.com",
          "client_type": 1,
          "android_info": {
            "package_name": "com.highapp.co.uk.aidrive.user",
            "certificate_hash": "7ac8671c20f87563185372c2c0c837faf7a20791"
          }
        },
        {
          "client_id": "805026177814-tvdus6vt9hg6o2vrol1vssopp8g5h5ra.apps.googleusercontent.com",
          "client_type": 1,
          "android_info": {
            "package_name": "com.highapp.co.uk.aidrive.user",
            "certificate_hash": "0aaa293311b019d5390f5d91ec3851aed1d71175"
          }
        },
        {
          "client_id": "805026177814-dlg0e6909u4ii06m9blburd0u5g31hnm.apps.googleusercontent.com",
          "client_type": 3
        }
      ],
      "api_key": [
        {
          "current_key": "AIzaSyDvTf9k3iXk-EEGtH2D8Ux9_Q02wg0MKnw"
        }
      ],
      "services": {
        "appinvite_service": {
          "other_platform_oauth_client": [
            {
              "client_id": "805026177814-dlg0e6909u4ii06m9blburd0u5g31hnm.apps.googleusercontent.com",
              "client_type": 3
            },
            {
              "client_id": "805026177814-4qs7nv97clshvmass3dg2blmej878k4m.apps.googleusercontent.com",
              "client_type": 2,
              "ios_info": {
                "bundle_id": "com.highapp.co.uk.aidriver.driver"
              }
            }
          ]
        }
      }
    },
    {
      "client_info": {
        "mobilesdk_app_id": "1:805026177814:android:2e0ff92bc5c6f8eb03e637",
        "android_client_info": {
          "package_name": "com.highapp.co.uk.aidriver.driver"
        }
      },
      "oauth_client": [
        {
          "client_id": "805026177814-2e4bc2lsjv1rbvgt18la6otm4mmf7jb0.apps.googleusercontent.com",
          "client_type": 1,
          "android_info": {
            "package_name": "com.highapp.co.uk.aidriver.driver",
            "certificate_hash": "2e6ec472cf171b8d7124f757242cb98da766c296"
          }
        },
        {
          "client_id": "805026177814-bdlhm4mro9t5mu5jjf96elcnagamfnnm.apps.googleusercontent.com",
          "client_type": 1,
          "android_info": {
            "package_name": "com.highapp.co.uk.aidriver.driver",
            "certificate_hash": "7ac8671c20f87563185372c2c0c837faf7a20791"
          }
        },
        {
          "client_id": "805026177814-siq8gkmhmneufghmnkr188mbin76ivrs.apps.googleusercontent.com",
          "client_type": 1,
          "android_info": {
            "package_name": "com.highapp.co.uk.aidriver.driver",
            "certificate_hash": "32cda3ebf22b57a22a26a54a3618f7a1201cfb6d"
          }
        },
        {
          "client_id": "805026177814-dlg0e6909u4ii06m9blburd0u5g31hnm.apps.googleusercontent.com",
          "client_type": 3
        }
      ],
      "api_key": [
        {
          "current_key": "AIzaSyDvTf9k3iXk-EEGtH2D8Ux9_Q02wg0MKnw"
        }
      ],
      "services": {
        "appinvite_service": {
          "other_platform_oauth_client": [
            {
              "client_id": "805026177814-dlg0e6909u4ii06m9blburd0u5g31hnm.apps.googleusercontent.com",
              "client_type": 3
            },
            {
              "client_id": "805026177814-4qs7nv97clshvmass3dg2blmej878k4m.apps.googleusercontent.com",
              "client_type": 2,
              "ios_info": {
                "bundle_id": "com.highapp.co.uk.aidriver.driver"
              }
            }
          ]
        }
      }
    },
    {
      "client_info": {
        "mobilesdk_app_id": "1:805026177814:android:85f260ce8095a0d203e637",
        "android_client_info": {
          "package_name": "com.highapp.co.uk.aifood"
        }
      },
      "oauth_client": [
        {
          "client_id": "805026177814-dlg0e6909u4ii06m9blburd0u5g31hnm.apps.googleusercontent.com",
          "client_type": 3
        }
      ],
      "api_key": [
        {
          "current_key": "AIzaSyDvTf9k3iXk-EEGtH2D8Ux9_Q02wg0MKnw"
        }
      ],
      "services": {
        "appinvite_service": {
          "other_platform_oauth_client": [
            {
              "client_id": "805026177814-dlg0e6909u4ii06m9blburd0u5g31hnm.apps.googleusercontent.com",
              "client_type": 3
            },
            {
              "client_id": "805026177814-4qs7nv97clshvmass3dg2blmej878k4m.apps.googleusercontent.com",
              "client_type": 2,
              "ios_info": {
                "bundle_id": "com.highapp.co.uk.aidriver.driver"
              }
            }
          ]
        }
      }
    }
  ],
  "configuration_version": "1"
}